cuerpoPost;;
"{""dna"":[""CTGGTCCCTTCT"",""ATGGGCGTTTGA"",""AGCAAGCACTCT"",""CCACCGGTGCAG"",""TTTCCGTTGCGC"",""ACCGCGGCACTT"",""AATCAGTAACCG"",""TCAAAACTCTTT"",""CCTGATGGCGTA"",""TCCTCTCAAGCG"",""TATAAATACCCC"",""CATAGGTGAAGG""]}";;
"{""dna"":[""TTGTGTGGGC"",""GGAACGTCAA"",""GCGTTCGCTC"",""TGCTGACACC"",""GGTTTTTCAT"",""GGCCCCTCAA"",""TCTGCCGACT"",""ACTACGCGCT"",""AACTAGAAGT"",""CGAGGCCCCG""]}";;
"{""dna"":[""TGAGTG"",""GCCATG"",""GGCCGT"",""TTGATT"",""CTAAAT"",""TGCGAG""]}";;
"{""dna"":[""AAGAAATTC"",""TTTAACTGT"",""CCAGGAAGG"",""TGGACGACA"",""CAAGGTTTC"",""CTGTAGACT"",""CTCCTCCCA"",""TAGAACTAC"",""ACTCAGCAC""]}";;
"{""dna"":[""TCGGG"",""GCTTT"",""GCCAC"",""AAGAC"",""GCAAC""]}";;
"{""dna"":[""TCTGC"",""TAGTT"",""TGCGA"",""TTTCG"",""CGTAT""]}";;
"{""dna"":[""CCAGCGT"",""ACATCCC"",""GCCGCTA"",""GAATATC"",""CGGCCGA"",""GGAGACC"",""AGCCGAT""]}";;
"{""dna"":[""TTTGCGCCTC"",""CAAGTACAAG"",""GTAGGTAGTA"",""CTAATAGTTA"",""GGAATGAATC"",""AACAATGCCT"",""GCTAGGTACC"",""AGTATGGTCA"",""CGCGCCACGG"",""ATTGGATAAA""]}";;
"{""dna"":[""CCCGGCGTACCC"",""ACAAGGGGTCAC"",""CCGGATGATCCC"",""CCCGGGTTGACC"",""GTGAACACGGGA"",""TGGCATATTTTT"",""GTCGATCAAGAT"",""ACGGTCAGACTT"",""GCGACAACGATC"",""GAGGTCTTGTTC"",""CTTCAGACCAAT"",""CATAGGTGCCAC""]}";;
"{""dna"":[""GTAAT"",""GCGCC"",""GCTGA"",""GTCTA"",""CCGGG""]}";;
"{""dna"":[""CGGCAG"",""GTGGGC"",""CCTACA"",""ACGCCT"",""CTAGCA"",""GCGATG""]}";;
"{""dna"":[""GTCGA"",""GTTGA"",""CCACG"",""CGGCC"",""ACCCT""]}";;
"{""dna"":[""TCGTTGCG"",""CCGTCTGA"",""ACGAATTT"",""CGGGTCGC"",""GTCGTAAT"",""TGGAACTC"",""GTGCTCCT"",""CCCACGTG""]}";;
"{""dna"":[""ATTTGTTTA"",""CGCCTTGTA"",""AGTGCCAGC"",""CAAACCCCA"",""AAAAATGAT"",""TCATCCTCG"",""AAAGTTATC"",""GAGTCAGTT"",""TCCGTGTGT""]}";;
"{""dna"":[""CTCGAACGTCAC"",""AGAAAGGGCAGT"",""TTGTCAACCCCG"",""AAACTGAGTCGG"",""TGCGCCGTGGCC"",""TCAGCAAATTTC"",""CTGACGGTGCAC"",""TATCGATGAACG"",""CGTCACATTGAA"",""ATTGGAATTTAC"",""CGACACCTTACA"",""CTAGCAGACCTT""]}";;
"{""dna"":[""CCGGGCTTTTC"",""TATTACTGAGG"",""GCATGCCCTGA"",""TCGCAAGGATT"",""GAAAATTCCCG"",""AAAAAGGGCCC"",""CGCGCTACGAT"",""TTGCAACAATT"",""GCTGTGTTTGT"",""CACAGGGCACA"",""GCTGACTGTTG""]}";;
"{""dna"":[""CTCTTATAC"",""GAAGGTCTT"",""AACACCCCG"",""AGAGAGGTG"",""TATGCAGAT"",""GCGTCCCCC"",""GTTACGAGG"",""TAAGAAGCG"",""ATCTTGAGC""]}";;
"{""dna"":[""TCGCTACC"",""GTGTCTTG"",""CTGTCCCG"",""TATCACGG"",""AGGTGCGG"",""TCACCGCT"",""TTCTCACG"",""GCTGGACT""]}";;
"{""dna"":[""GTACGAT"",""CAAGTTA"",""GAGTAGC"",""CCAAGCC"",""GTGTGGT"",""AGCACAT"",""ATGTCAC""]}";;
"{""dna"":[""CTCCC"",""CCAGC"",""TGGGT"",""GTGCT"",""AGATG""]}";;
"{""dna"":[""AAACCCTTAAAA"",""TGGTTATAATGT"",""GTACGAGAAGAA"",""ACTATTTCCCGC"",""AGTCAGTAACCT"",""GCCCCGAAACCC"",""TAGCTTGCGCTG"",""TCGTAAAAAACG"",""CCCCGGCCTAGG"",""AGCGCCTGTAAA"",""AGTACGTTCACC"",""CGTCTTGTTCTT""]}";;
"{""dna"":[""CTATAAGCTGG"",""AGGTGCCTACG"",""TTGAGTAAGTT"",""GTTAGTTAAAG"",""GTACTTTTGTG"",""GGGGCCCTTTA"",""TTAGGGTACAC"",""ATCTAGGCCTG"",""TCATTGCTTTT"",""GCGTACTCTAA"",""TATTAGATCCG""]}";;
"{""dna"":[""GACCCA"",""AGGGGT"",""TATACG"",""TCTCCG"",""ACGCTT"",""TCCGTG""]}";;
"{""dna"":[""CAGATCTT"",""AATTAATC"",""ACGAACGG"",""AAATCTGC"",""TTTTCTCT"",""GAAAGCTA"",""GCGTTGGT"",""AAAGAGGA""]}";;
"{""dna"":[""CCGTCATAG"",""AATCTAATG"",""TAGAAGATC"",""TGGGCATTT"",""TGTTGCAAG"",""CTCTTTCGC"",""TTCCCCGGC"",""AAGTCTCGT"",""GCGGAGTGT""]}";;
"{""dna"":[""ATGCTG"",""TTTCAG"",""ACAGTT"",""GCTTCT"",""GAACTA"",""GGGACA""]}";;
"{""dna"":[""ATCCTTATACCG"",""CGAGGCCGTTCC"",""TTAAGCATAAAC"",""TGTATAGACCTT"",""TGGTTGCCACGC"",""TATTGCTGATAT"",""GGGCCATGCTAC"",""ACAAAAAGGCTA"",""AGCCGAGCGCTC"",""CATTAAACTTGT"",""CTGAGCGCACGT"",""CGTGGCGTTTAT""]}";;
"{""dna"":[""CTTTT"",""CTTTC"",""TGGTT"",""TGCTT"",""TAAGG""]}";;
"{""dna"":[""CAGGAC"",""TTAACG"",""CGAACT"",""GACCTC"",""GGTCTG"",""GCCCCC""]}";;
"{""dna"":[""TGCTACGCGGT"",""ATAAAGGCAGG"",""TCCTCGCAAAT"",""TTATACTCGAA"",""ATAACTAGCCA"",""TCTACGTCTAC"",""TGCTGCGTGGC"",""CGAGTATTCGG"",""AGGCGACGTGC"",""AGCTTGCGGCC"",""ATAGTATGTGT""]}";;
"{""dna"":[""AGTAG"",""ACGAG"",""CACTC"",""CGTGT"",""CGCTA""]}";;
"{""dna"":[""ACGGTC"",""CTGAAT"",""CTAAGA"",""CACCTA"",""ACTGTC"",""AGCCAT""]}";;
"{""dna"":[""ATTGCT"",""GGGATG"",""ATACTT"",""ATCGTC"",""GGTACA"",""ATCCGA""]}";;
"{""dna"":[""GAATTACTAGCA"",""GGATAGGATACC"",""ATCAGGGAAACG"",""TTCACTTGGAAC"",""TACTGTAGTCTA"",""ATCGAGGTTTAC"",""GAGTTAGCATGG"",""GTGCGGCACTGC"",""GATTGTACTGAT"",""GTCATTTGATTT"",""TGCTTAACCTTG"",""GCCTGTCGGTTG""]}";;
"{""dna"":[""AACTCAAAGGTG"",""AATGAGTCAACG"",""CATATCTCTGGT"",""ACGTTCCGAGAC"",""ATTACGCGGCCA"",""CGTGGAAGCCTG"",""GCTGCAGCCTTG"",""ATTTTGACTTCA"",""TTAACGATGAGG"",""ACATATGTTCAA"",""ACGCGGTGTAGA"",""TGATTATTATGG""]}";;
"{""dna"":[""CGAA"",""ACTG"",""GTAC"",""TCGC""]}";;
"{""dna"":[""CCCGGAGACAAG"",""GATTGACACCCA"",""TCACATGACCTC"",""GTTTAACACGGT"",""GCGCCATGGCAG"",""TGCCCGCTGTCT"",""GTGTGAGCCTTA"",""AATCGCCCACAG"",""TACGTCCTCCCA"",""GTTCCCGTAAAG"",""TATTGGGGGCTC"",""GATGTATTGCCC""]}";;
"{""dna"":[""TCTCCTACTGCT"",""TACGCTTCATTC"",""TGAGCTCGATTG"",""ATGTACTGCCCA"",""AAAATTCCCCGC"",""GAGCGCAACAGC"",""GAAAGCCAAGTC"",""CCGAATCACGAA"",""GCCAAAGTCCCT"",""CAGGCTGTCCTT"",""GCAGTGGGAGAG"",""CCGAATAACAAC""]}";;
"{""dna"":[""TAACCGC"",""GCGTCGT"",""ACTGAAT"",""CAAGGAC"",""CGAACGT"",""GACCTAC"",""ATACGAT""]}";;
"{""dna"":[""GCACAAC"",""GTATAAC"",""GGAGTCC"",""CAGCTAG"",""TCTAGAT"",""CGAACCC"",""TCTACAG""]}";;
"{""dna"":[""AGCGTAAT"",""ATCGGAAG"",""TAGTAGGT"",""CAAGAGTT"",""ACTCCTAG"",""TGGCGACG"",""TTGGGATA"",""AGCAAACC""]}";;
"{""dna"":[""AAGCGATGTCT"",""AGGACGCAACT"",""CAGTCTAGACA"",""CAGAGCCCGGA"",""GACCCAGAAGT"",""TAGATAAACCA"",""AATTCTTAAAC"",""CTCGGTCACCC"",""TTACCTGATCG"",""TAGGGCTCATC"",""ATGTGTCTAGT""]}";;
"{""dna"":[""TCTTC"",""ACTCG"",""TGGGA"",""GGATA"",""TGTCG""]}";;
"{""dna"":[""AGATTGCCGC"",""GGCGAGCTGA"",""CTTAAATAAT"",""CCATTCCTTA"",""GTGTCCTGTA"",""GAGGTCGAAA"",""GTAAGCGTCT"",""ATATAGGGCT"",""CGGGTCCTCC"",""GTATTTAACC""]}";;
"{""dna"":[""CATAAGAAGT"",""CTTATTTGTG"",""GCGTGCTGGA"",""TCTATCAGTA"",""GACCAAAGGG"",""CTGGAGCGTC"",""TAGAAGCTCC"",""CGTTACGAGT"",""CAATTTCGGG"",""CACCACCTTG""]}";;
"{""dna"":[""GGGGGAGTCA"",""ATGATCGATT"",""GTTAGTACAT"",""CACTCATCTA"",""AGTATACCTT"",""AGAGCTCTTA"",""ACTCGCCATT"",""ATACCGTTAG"",""CAGTGCCAGA"",""TGAGCCGCAA""]}";;
"{""dna"":[""CGTCTGCTATG"",""TGGGGGATCAG"",""AACGTACCGTA"",""TACTACCCGGC"",""GCCTAAGTCCG"",""GATTCTCTCTA"",""TGCCTTATGAA"",""CCTAACAACAT"",""ACTATAGATTT"",""CACACTATTGG"",""AAGGCTACTGT""]}";;
"{""dna"":[""CTGA"",""GACA"",""AATG"",""TTCG""]}";;
"{""dna"":[""TCATAAGGG"",""GAATTCTCC"",""GTAATCTGC"",""TGAGTGTAT"",""AGCTAGGGG"",""CCACCTTTT"",""GGACTCGGG"",""ATGCACCAT"",""GCCTGCCAC""]}";;
"{""dna"":[""GCCTCTC"",""GCAGCGG"",""AGATCGA"",""GGATGGG"",""AGATTGC"",""GCAACTA"",""CTTTCTA""]}";;
"{""dna"":[""GCTACTG"",""TACTATC"",""TGGCCTA"",""TGTCGTG"",""ACACTGG"",""GGCGCGA"",""TTGAAGA""]}";;
"{""dna"":[""AGTGCCCGTGA"",""TCACTGACCCA"",""GCTCGATAGTG"",""GCATCGGGAGA"",""TTCAGGCCCTG"",""CCTCTATGCGT"",""CTCCCGAGATC"",""TGTACTCACAT"",""TGCACTGAAGC"",""ATCAGTGTAAT"",""AAATCTCACTA""]}";;
"{""dna"":[""CCGCATTCCACG"",""TATACCCTTCGG"",""TAGCCCGCTGCG"",""GGCATTTCTGAT"",""CAATAATGGATG"",""CCCGCGTCCTAT"",""CGGTGGCTAGAG"",""CCTGCTCTTCGC"",""ATCTGCTCATCT"",""CTCCAAAAGGAT"",""ATGCCTCAAAGT"",""GTCATCCTACGA""]}";;
"{""dna"":[""TGTCACTTTCAA"",""CCCATAGATATC"",""ATCTTTCGCTAA"",""ACACATACAGGA"",""CTGGACCCCATT"",""CCAGAAGGGTCT"",""GGCGTGCTGAGT"",""GAGCGATGACGC"",""CAAGAACGGCTT"",""TAGATGGTCTTT"",""GTGTCATGTTTT"",""CTAGACCGTCTT""]}";;
"{""dna"":[""TTTTGATCTCGA"",""GGAAGATGACCC"",""TCAGGACACGTT"",""GACTGTGTGGTA"",""TGCAACTTCCAT"",""TCTGCCCTACGT"",""AGGGTCAGCTCG"",""ACGGGGAACATC"",""ATCGGACTTAGC"",""TAAGCTTCTGCG"",""TAGAGGTAGTAC"",""CACAAGAAAGTG""]}";;
"{""dna"":[""AGTGCG"",""CCGAGG"",""ACACTC"",""AGGTGT"",""TTGGTT"",""TTGAGG""]}";;
"{""dna"":[""TGCGTTG"",""GGGCCCG"",""GAAGCAC"",""GATCGTA"",""AAATCTC"",""GTTGCTT"",""AGAAAAA""]}";;
"{""dna"":[""TAGT"",""GGCC"",""TTGA"",""AATA""]}";;
"{""dna"":[""CTTGC"",""GGGAT"",""GACGC"",""CCTTT"",""ATAAC""]}";;
"{""dna"":[""TACAAGA"",""CGAGTTC"",""TGTGTCG"",""GCTCCTG"",""ATGATAA"",""GGGTGTG"",""GACCAGA""]}";;
"{""dna"":[""AACTTATTGAGA"",""CCTAAGTCAACA"",""CATTTTTTTTTA"",""GCGATCGTGCCG"",""AAGACAGGGCTG"",""ACGGCTCATTGA"",""AGTCTATTACGT"",""TCTGCCATTTTA"",""TAGTCTCCGATC"",""TCCGTCACACCC"",""CTGTTTGGTGCG"",""GCAACTTCGCTT""]}";;
"{""dna"":[""GACATTAA"",""TGAGTGTA"",""GCATCCGA"",""TCCCCGAG"",""TTGGGGAG"",""GCCGGATT"",""CATCAAGC"",""GGGAGAAC""]}";;
"{""dna"":[""TATAAGCAC"",""ATGACCGAA"",""GTGCGCGGT"",""TGGCCCACT"",""GTTCAACTC"",""CCGTTCCGT"",""GTATTAGGA"",""CCAGGCGCA"",""CGGAAGGAA""]}";;
"{""dna"":[""TAAGCTTA"",""CGAGCGCG"",""AAGCTGCC"",""ACCTGGGT"",""CGGGGAGG"",""AGATTTTC"",""ACGTATAG"",""ATAGTGGC""]}";;
"{""dna"":[""TGATCCCCAAT"",""ACTACCGTTCG"",""TCTCTAAGATT"",""CACGAGTAAAA"",""TGATTGTTGAT"",""GGAAGTATATC"",""AACTGGATTCG"",""TTTCTCCATGT"",""GATAGTCATAC"",""GATTTTTTGGG"",""CTAGAAAAAGT""]}";;
"{""dna"":[""TCAAT"",""ATCAG"",""GAAAT"",""CAGAA"",""AACAA""]}";;
"{""dna"":[""TTAAC"",""AATAA"",""TCCAA"",""CGGCC"",""AACGC""]}";;
"{""dna"":[""TCCTCCCAA"",""TGCACGCCT"",""CCGTGATCA"",""CAGTGACGA"",""GACGACGGC"",""TGTCACTAC"",""TCCAGCCCT"",""CAGTCCGTA"",""TAAGCTAAT""]}";;
"{""dna"":[""GCTT"",""GGTC"",""TGGG"",""AATC""]}";;
"{""dna"":[""ATGTC"",""CCGTA"",""CAAGT"",""TCTGT"",""CCCGA""]}";;
"{""dna"":[""GAGAACAG"",""CTGGCCGC"",""CCTCTCTA"",""ATGCTACC"",""GATCATGT"",""CTCTAATG"",""GCTTAGGG"",""CAACCGGC""]}";;
"{""dna"":[""AATACATTTC"",""CTCACTAAGT"",""TACGAATATG"",""CCACCTCAGG"",""GACCTCGCGT"",""CGGTTCGTGT"",""ACCCCAGCCC"",""GTCGGCCGGC"",""CCGCGATAAC"",""GAAATCTGAG""]}";;
"{""dna"":[""CTTC"",""ACCG"",""AGGA"",""ACTG""]}";;
"{""dna"":[""GGGGGCC"",""ACGTGCT"",""GCATACG"",""GGGGATG"",""ACCGTCC"",""TCCGGTC"",""GGAGTGG""]}";;
"{""dna"":[""TGAGCCTTCG"",""TGCAGTTGAA"",""TCCGGATTCC"",""ACTGTGCTTG"",""ACCTGGGTGA"",""GTCGCACACG"",""CGCTTTCATC"",""CAGCAACGAG"",""ACATTACTTT"",""AGAGTGCTCA""]}";;
"{""dna"":[""CTAGCCT"",""TACGATA"",""TTGATAA"",""ACGACCT"",""AGTATGG"",""CCTTTCC"",""CAGTGAC""]}";;
"{""dna"":[""TAGAA"",""AGTTA"",""GTTGC"",""ATGCC"",""TTTCG""]}";;
"{""dna"":[""GGTACA"",""ATCGAT"",""ATACGG"",""GGTCGG"",""CCCCAA"",""TGAGGG""]}";;
"{""dna"":[""CTGGGCTTCCTC"",""GGGCGCGGATTT"",""GCTAACGCAATC"",""GCACGTTGAGGG"",""CTGGCCATCTCG"",""TGCAAGACTTAA"",""CGGCCTGCGAGT"",""GTCTGCATACTA"",""CGCTAATCAACG"",""TCGTAAGGTGAA"",""TCGCGGGGACGA"",""CCTAACTAACTC""]}";;
"{""dna"":[""AATTCTGCTTT"",""CCTTTCTGTCA"",""CATACGTGAGT"",""GAGCATCTCGG"",""GATCGATCACG"",""TTTATTCGCGG"",""AAGTGGAGACA"",""GCACAAACACA"",""GTTAGAGACTA"",""TAAGAACGAGG"",""GCGCCTAAGAC""]}";;
"{""dna"":[""AAATGTCAGAG"",""ATCAGTCCACG"",""AACCCTTGAGA"",""GTTTAATCCGT"",""AGTGTTTATAG"",""GCAGTTACAGT"",""TTCTCCCCGGG"",""GAAGCATAATT"",""GCTTGGAGTTT"",""CTCGTGTCCCC"",""CCCCCTTTGTC""]}";;
"{""dna"":[""ATATCTCACGAT"",""GGAGACGGTGGC"",""AGCAGGCGCGGA"",""CAGTTAGATGCG"",""TGAGGAGGTTAA"",""AGTTTTGGGCTA"",""CAGAGTTCCCGG"",""TACAATGTTGGC"",""GCTTGCTGTCTC"",""GTATCGCTGCCT"",""GCCGTAGGCAGA"",""TCTAACATCTGG""]}";;
"{""dna"":[""ACAATTGT"",""GGTAGTGA"",""CGTTTCTC"",""ATTTCGGC"",""TAGAGGTT"",""TCTACTTA"",""TTATAGGA"",""ATAGAGAA""]}";;
"{""dna"":[""TTTATCCCCCAG"",""TCAGTCAGAACG"",""ATCAGGATAGAC"",""GCATAATGATTT"",""TCAATGAGAATG"",""GTCCATTTACAT"",""GCGCTGATGAGG"",""TGCACATTTTCC"",""AGCGGCAGTCAG"",""CAGGAGTCGATT"",""TTTACGGTGGGT"",""GTGCTGGTCAAT""]}";;
"{""dna"":[""CGTCA"",""GATAG"",""CGGCA"",""TCTCG"",""TTACG""]}";;
"{""dna"":[""CAACCCGGATG"",""TCTGGTTCTTG"",""CCGGTTCACCA"",""ATCCCGGCGGA"",""GCTTGTGCAAT"",""ATCCCGAGTAC"",""CAGCCACGGAT"",""GCTCTTTAGGG"",""CCCTTTGATCG"",""GTAAAGGTATC"",""ACCCCGGCTAC""]}";;
"{""dna"":[""GTGAAAGCCGA"",""TCACAGTGGGT"",""CTGATTCGACG"",""GTTGTTGATGG"",""TCCCAAGTAGC"",""CACCCCAAGCA"",""GTTCGGGTGTG"",""TAAACAGGGAC"",""GTTAGATGGTT"",""TCACACAACCT"",""CACGACTTGGC""]}";;
"{""dna"":[""TAGGTCAG"",""TTTCGCCA"",""GGTGCTAT"",""CGTAGCGA"",""AGCTTGAG"",""GTGTAGCG"",""TATTCCTA"",""TCATGAGC""]}";;
"{""dna"":[""GTACTCGTTCG"",""GGGCGTCTGTC"",""AAGGCCATTGT"",""AGTGAACCGCA"",""CTTCATGATTT"",""CAATTATAGCT"",""GGGAGTGATTA"",""GAGTCACCTCA"",""TCTCTCCCCTT"",""CTGTTTTACAT"",""AACGAGAGCGT""]}";;
"{""dna"":[""CCTCTTCTC"",""TGCTACTCT"",""TTTATCCGC"",""AACAAATAA"",""AATATAGTC"",""TGCGAAGAC"",""CTGGGCTCT"",""ACATAATTC"",""TGAGGGCAA""]}";;
"{""dna"":[""TTGAAGT"",""CCGAACC"",""GTAGTGA"",""GGTAGTC"",""ACTTGAC"",""TCATTAC"",""AGGCTTT""]}";;
"{""dna"":[""TGTGCCTG"",""TGTGAATC"",""GAGGTTAA"",""TCTCCACT"",""GGGTTACT"",""AAGATCAT"",""GTAGGCTA"",""CCGTGCTC""]}";;
"{""dna"":[""GGATGTG"",""GACGAAG"",""GCAGTCG"",""TGATAAA"",""TAAGCAA"",""AATGAGT"",""AGTATCC""]}";;
"{""dna"":[""GAGCAT"",""GATAAC"",""AGCGAC"",""ACGTTG"",""GCGTGG"",""CAAGAC""]}";;
"{""dna"":[""TCAGGATTT"",""GTCAAGAAC"",""CGCACTAAT"",""AGAAACAAT"",""TCCTGCTGA"",""CTGGTCCTG"",""GCACTGATA"",""CGGCACGCG"",""CAGAAGGAT""]}";;
"{""dna"":[""ACGG"",""TCCC"",""TGTC"",""TTTT""]}";;
"{""dna"":[""TTGCGCT"",""GAGTAAA"",""AATCATT"",""ATCTTGG"",""ACTCGCT"",""TGCACAT"",""AACCCTT""]}";;
"{""dna"":[""GTCAGGTAA"",""TGCACATCT"",""ATGTATAGG"",""ACTGTTTTT"",""TAGTGATGG"",""ATATCGGTG"",""AAGTACTTG"",""TCTTATGGA"",""TCTACGCGA""]}";;
"{""dna"":[""CATTTC"",""CTTGCA"",""CCCCTA"",""CGGGAT"",""TTGCCA"",""TTGGGC""]}";;
"{""dna"":[""GATATATGT"",""GAGCCCACC"",""CATATCGAG"",""TCTATATCC"",""TTTTTGGGT"",""TGTTGAGCA"",""GACACAAAA"",""CTGCCTCCG"",""TGTCGGCAA""]}";;
"{""dna"":[""TGGATTAGCGCT"",""ATTTTCGTAGCG"",""ATAAGCGGCTAA"",""GAACACCTGAGT"",""ACCTGCAACTAG"",""TTCCGCTGTTCT"",""TGTCTGAAATAA"",""CATCATCGACCA"",""GGCAGCCCCGCG"",""TGGTCGTCTCGT"",""GAAGGCACTCCG"",""ACCTTTGGGTAC""]}";;
"{""dna"":[""CTTCCTCTTA"",""GGGGAGGTCA"",""ACATTTTTCA"",""GGGTCGCACT"",""ACTAGACCTC"",""GTTTCGACAC"",""CCTGGCCGCA"",""GGTAGGAGTT"",""CTGACACTCA"",""ATACGATGGT""]}";;
"{""dna"":[""CGCTTTC"",""GGGGATG"",""CCCTTTC"",""AATATGG"",""CAGATGG"",""CGAAGGG"",""TTCGGAT""]}";;
"{""dna"":[""CTCAGACC"",""CAGCCCAC"",""GTAATACC"",""TTAGTATG"",""GCGATGCT"",""GCTACCCG"",""TAGTAAGA"",""TAGTACGA""]}";;
"{""dna"":[""AAATAGGGAG"",""CCCGCTTAGA"",""GAACTAGTGT"",""TATGCTCGCC"",""CGACACACCT"",""ACGGCACACA"",""ACGCATAGGT"",""GAATCCCTGC"",""CGAGTATGTC"",""TTCCCTCGCG""]}";;
"{""dna"":[""GTCAATTA"",""GTACGTCG"",""CTACAAGG"",""TGAACGAG"",""CAATAGCC"",""GCGGACGG"",""ACATAGCT"",""TGAATGAT""]}";;
"{""dna"":[""ACAGCT"",""CACTAG"",""TGATTC"",""AATCTA"",""GACGGC"",""GCAGCT""]}";;
"{""dna"":[""GTCG"",""ACAA"",""TCAA"",""TAGT""]}";;
"{""dna"":[""CATAGTTGTCGA"",""GAGAGTTGGTAT"",""AGTCCAGTTGCC"",""TCTGACCAAATC"",""CCTGACGCCGCA"",""ATTTTGGCGATT"",""CCATAGAACTAA"",""TCCTGCCTAAAA"",""CCGAGTACCGTA"",""TACCTAAGACCG"",""GCCTGCAACTTT"",""GGTTAGGGAGTG""]}";;
"{""dna"":[""GAGGGCGAG"",""AAGGCCGCG"",""CACAAATGA"",""TGTGGAATT"",""GACGAATGA"",""TTTGACAGG"",""ACGCAGAGC"",""CCCACTCCT"",""CGCAAGATC""]}";;
"{""dna"":[""GTTGATGAC"",""AATCATCGC"",""GTTAGGTCT"",""CAGGGAAAC"",""ATGGACATA"",""AACTTTTCT"",""ACGCAGATT"",""TGTTTTAGC"",""TTAAGTGCA""]}";;
"{""dna"":[""GGATGCCCCAT"",""GGGACTTCACG"",""CCGTTTATGCA"",""TACCCATGGCA"",""ACCGATTAATA"",""AAGAGGCAGTA"",""CTAGCATCGCT"",""GTGTGTAAGTA"",""CGTCGATCAGG"",""TGAGCTCAAGC"",""TTCCTCTAGGA""]}";;
"{""dna"":[""CGTTAAGA"",""AGGAGGTA"",""GGATCCCT"",""ACATCCCG"",""GTTATTGC"",""GCGCCCAC"",""TAACTTCT"",""TTGATGCT""]}";;
"{""dna"":[""GGTGT"",""CGACT"",""TACGA"",""ATAGC"",""ACCTA""]}";;
"{""dna"":[""CACTAGG"",""AGCCGCA"",""ACATTCC"",""CTAACCC"",""AGTGAGC"",""TTATGGA"",""TTAGTGT""]}";;
"{""dna"":[""TGGTAG"",""CTGCGA"",""CCTTCC"",""CCCATA"",""GATCAG"",""ATCCTG""]}";;
"{""dna"":[""TTGACTACACG"",""TGCAAATGGAA"",""TGTATTTCTGT"",""GCCATCGTTTC"",""CGAGGAACTAT"",""CAGTTCCGCTC"",""CGCACCTATCT"",""CCAGAGCCAGC"",""GAGGGTCGTCC"",""TATGTGAGTTG"",""AATCAACCCGT""]}";;
"{""dna"":[""CAAGCTAG"",""CGGTGTAA"",""ATTCGTAG"",""AGGCTAAA"",""AATCGAAG"",""GACGGCTT"",""ACCTCCTT"",""CGGGTAAA""]}";;
"{""dna"":[""GTCACCGCA"",""TTCAGGCCC"",""TGTTGGGCA"",""CCACTACTT"",""ACTGCCGAC"",""CATCACGAA"",""GAATTACCC"",""GATCGCATC"",""GTATTAGAA""]}";;
"{""dna"":[""GCTGGCCGCTTC"",""GGTTGTTCCCGT"",""GCGCTGGTATTC"",""TGGATGTCCTTC"",""AAAGGACAGGCG"",""ACCTGGACTGCC"",""GATGTGTGGCAA"",""TTAGCACCAGTA"",""GAAAGAATTTAG"",""AGCAGACTCAGC"",""ATCACTTAAGAA"",""GTTAATGGGGTA""]}";;
"{""dna"":[""ACATGTCCCCAT"",""GTAGCAGGTACA"",""CACCTATACACG"",""CCCTGGAGTGGG"",""CTTACTCTCGAT"",""CCTCGGCACAGT"",""TGGCATGTAATC"",""GTCAGCACAGTG"",""TAGGCAGTGGCC"",""CAGGAGCCTACT"",""TGTCGTGAGTCG"",""ATTTTCAAGGAG""]}";;
"{""dna"":[""GGAGGGCGAAA"",""TTCTGACACGT"",""ATCGCGCCGTC"",""AAACTAGTGCA"",""CCCTGTTCGGA"",""TAATTCATTCA"",""GCGAGCTAACA"",""TGAGGGTTAGT"",""CGAAGGACATT"",""TGGCGCATCCA"",""TGGCTTTAAGT""]}";;
"{""dna"":[""ACGAGACCTG"",""ACTACGAGGT"",""GATCCAAATA"",""CTCATCAGTA"",""GACTGTGACG"",""CCCGGGGGAA"",""AACGCCCGGT"",""ATCTGGACTG"",""CATTCTGAGA"",""AGGACCGAAT""]}";;
"{""dna"":[""ATAGGACA"",""CGAGTCGT"",""ACCCTGAA"",""TACATATC"",""CCTGCTCC"",""TTTTACAT"",""GTTGTCGC"",""GAGGGAAC""]}";;
"{""dna"":[""TAATC"",""TGACA"",""CTCTT"",""AGGGG"",""CCAGC""]}";;
"{""dna"":[""CAAAT"",""CATAA"",""ATTTC"",""AGTTT"",""TTTAA""]}";;
"{""dna"":[""TGACTT"",""TCACCA"",""CCGGCG"",""CCGGCG"",""CGCTAT"",""TACCTC""]}";;
"{""dna"":[""AATGACGAGTC"",""GGCGCCTCAAC"",""TGACCACTCGC"",""AGACGGCGAGA"",""TCAAGTCACCC"",""CACGGGAATTT"",""ACTCGTTTTTA"",""CGTATAACTCA"",""CTTAGTAATTC"",""GAGTAGTCTAA"",""AATGTATACTA""]}";;
"{""dna"":[""AGATTGT"",""GCGCAAC"",""CGCTTTG"",""AGCCTGG"",""CTTGGTG"",""TCTAGTT"",""CTCAAGA""]}";;
"{""dna"":[""CGTG"",""ATGA"",""TGTA"",""GGAG""]}";;
"{""dna"":[""CCGCTATG"",""CTTAGGCG"",""GCGTGTGC"",""CGTCGTTT"",""AAACTACA"",""CACATCGC"",""TTGAGGAG"",""CTGGTAGT""]}";;
"{""dna"":[""GAAGAC"",""GTTAAT"",""CATGCC"",""GGTTTA"",""CGCGTA"",""GCTTAG""]}";;
"{""dna"":[""CAGTGGAATGC"",""CGTTTCGAGCT"",""CGGGAGGGCCG"",""AGGATAAAGGG"",""TTCGCTCAGCT"",""AGCGCCTCCCG"",""CACGCAGCCTT"",""TCCATTGCGCG"",""ACGGGAAGTGA"",""AGCCTGCGTTG"",""CGACGCCTAGG""]}";;
"{""dna"":[""AGGT"",""TTCA"",""GTTC"",""CTCT""]}";;
"{""dna"":[""AGGGTGACTACC"",""CACGCCACGCAG"",""GAGATCATGCGT"",""CCCGGTAGGGTC"",""GTCTAAATTTGT"",""CTAATTCGTTTG"",""CGACATGACGGT"",""GATACGTTGTAA"",""CGGACTTATATT"",""ACCTATGATGGT"",""CCAGCGACCACG"",""GGTAAAACGAAT""]}";;
"{""dna"":[""TAAT"",""TACT"",""CATA"",""CCTC""]}";;
"{""dna"":[""ACTACAACCTTG"",""TTAAGTGTCGGC"",""CGGTGTTTCATC"",""TCGCGGACAGCG"",""AGCGGTTATGGG"",""TAGACCGCAATC"",""TGATTCGAATGA"",""TGACCGGAGGGC"",""CAGCGGTGTGAT"",""AGCTTATATACG"",""AGCAAGCCGCGC"",""ATCCAGTGAGGG""]}";;
"{""dna"":[""GAACAGGCT"",""TCGACAAGC"",""GAGAAGGCA"",""CTCCTGTCC"",""GGCGTCGCA"",""TGCCTCAGC"",""AACACCACG"",""GTGCTGCCT"",""CCGTGCAGA""]}";;
"{""dna"":[""ATTTGTGCTCT"",""TCCTTGAAGGT"",""GAAGGGATGGG"",""CCCTCTTCTGC"",""TTTACAAAACT"",""TATGGCTTTGT"",""CTACTAGATAA"",""CCCATTGCGTT"",""GCTTTTGCAGG"",""ACTCCCAAAAT"",""ATCGCTAGCTT""]}";;
"{""dna"":[""AAGCGTGG"",""CGGATAGT"",""TTTACTTC"",""GCACTGCT"",""CATGCTCA"",""TCCGAATT"",""AGGAATCG"",""ATCGTCCG""]}";;
"{""dna"":[""TTGCAGTTG"",""CCCCCACGA"",""GAGGAATTA"",""CGCTCCATC"",""TGCAGGGTT"",""GGGGGCTTT"",""ACCGGCCAG"",""ATACGAGGC"",""TTAGAAAGA""]}";;
"{""dna"":[""CATAAGAA"",""GACAGCGT"",""CACAGTGC"",""CTCTAATT"",""TGCGGACA"",""GCTTGATA"",""CATGTCGG"",""AAGTATCT""]}";;
"{""dna"":[""TGCGGTACGAAC"",""CTAATGTTATGC"",""ATTGTAGTTCAT"",""GAGGATACCCTC"",""ATTGTTACAGAT"",""ACCCAATATTAT"",""TAAGTGTCATCC"",""GTTCTGCAGATG"",""TGGTAAGAGCGA"",""TAGCTGTCCGCG"",""CATTGATATTCT"",""GTGATTGGTACC""]}";;
"{""dna"":[""TATAG"",""GCTGT"",""GCAGC"",""AAGCC"",""CCCTG""]}";;
"{""dna"":[""CTGG"",""CACC"",""ACCA"",""AACC""]}";;
"{""dna"":[""GTAATTATCTCC"",""ACAAATCACATT"",""GAAGTGCAAAAA"",""CTGCTTTCCAGG"",""TATAAACGGCCT"",""TATGCTTCAGTC"",""TGAACTAGTGTT"",""TAAGGCGAGCAT"",""GTAGCCCACGTT"",""CTATGAGCTATC"",""CCGGATGGTGAT"",""ACCGTACCCTAA""]}";;
"{""dna"":[""CTGC"",""TGAA"",""CCAG"",""AACG""]}";;
"{""dna"":[""GCGCCATACG"",""GCCTTCCCGA"",""ACGGTAGGGC"",""GATCTTAACT"",""TTATGATGCC"",""GAGTACTTGC"",""ACAATTGGAC"",""AAAAGACTAG"",""CGCATATGCT"",""CGGAGAATGT""]}";;
"{""dna"":[""ATGAGG"",""TGGATG"",""CCCATA"",""ATGGCC"",""GTGGAT"",""ACACGC""]}";;
"{""dna"":[""TTGG"",""GTAT"",""TATG"",""GTGT""]}";;
"{""dna"":[""ACATAG"",""AATCTG"",""TGAATG"",""TTGTAC"",""TCGAGA"",""AGCAAC""]}";;
"{""dna"":[""TATACCTGCGAT"",""CCAATTAGCTAG"",""TCGTGCAGAAAT"",""ACGGCAAGACGG"",""GACCAATGCTAA"",""CGTGTAAGACTA"",""GGCAAAGTTATG"",""TGTGGGACTCGC"",""TTGTAGTACGAT"",""ATTAGGCCGACC"",""CCAGTCAGTGCA"",""TTCCTGGGTCAC""]}";;
"{""dna"":[""GCATACGTGTAC"",""CGAAAGACGTAC"",""CGACATAGAGTA"",""CAGACATGGTCC"",""ATTTCTGACGGC"",""GCCTTGTTCATT"",""ACGGTCACACTG"",""GGGCGGGCTTGT"",""GCCACTCCCCAC"",""TCCGTCTCGTCA"",""ATGAATATCCTC"",""TCCAAGCCGAAA""]}";;
"{""dna"":[""CAAGTCG"",""ATGGCGG"",""AGAGTCA"",""TCTTTTA"",""GAGCAAT"",""AGACTCC"",""CGCCGTA""]}";;
"{""dna"":[""AAAC"",""GTCG"",""GACA"",""CAAA""]}";;
"{""dna"":[""AGCCTGGGAC"",""ATGTAACGAT"",""GCGTGCACGT"",""GTTAATCACG"",""CTGCAATGTT"",""CATCGGAGAT"",""GGGAGTGGTG"",""TGCTGTGGAC"",""TGATAGGTTT"",""TCTTTTCAGC""]}";;
"{""dna"":[""TCTTTTTGGTCC"",""GAGCTCACGGGT"",""CGCCCTCGTAGG"",""CTAGTGTGTTGT"",""CCTAGTTCACTG"",""GTAGTTACATCC"",""TTACTTTACCAC"",""TACTAGTACGCT"",""GCGTGATCATCT"",""GAAGGGAGTGAA"",""TATTTGCCCACC"",""CTGTCGGCCGTG""]}";;
"{""dna"":[""TGCAGG"",""TTTAAT"",""GCATGA"",""CAAACG"",""GCGAAA"",""TGTAGC""]}";;
"{""dna"":[""ATTGA"",""CTTAT"",""ACCTA"",""CAACC"",""CAGCT""]}";;
"{""dna"":[""TCATTAG"",""TTACAAT"",""TCGCAAC"",""CGTTAGC"",""GGTATAA"",""GAAGCAA"",""CGCATCA""]}";;
"{""dna"":[""AGAGCC"",""CCGTCC"",""ACAGTC"",""GTCGCG"",""ACCCGG"",""CGCTAG""]}";;
"{""dna"":[""CGACC"",""CGTCT"",""AGAAT"",""TACGT"",""GCAGA""]}";;
"{""dna"":[""GATCGGCATTA"",""GAACCCTGCTC"",""CAAAATGGTCT"",""TGATCGACAGC"",""GAGTATCATCG"",""GCACGTACATT"",""ACATTCCTCCG"",""TGAATGAGTCA"",""AAGTCTAGCCC"",""TGGCGGTTGAC"",""ACCTGTTATCA""]}";;
"{""dna"":[""AAGCCT"",""ATCTCC"",""TTTGGC"",""TAAACC"",""TATAGA"",""TGGAAA""]}";;
"{""dna"":[""CTGATCTCCGAC"",""TGTAGGCGACCT"",""CAAATACTGTTT"",""TCGATGAACTAT"",""AAGCCAACAGCC"",""GATAGATGGAGA"",""CCAGATGTTTAT"",""CTCAAACCATGT"",""AGCACACGGGCG"",""GATGGAATAGTC"",""TGAATCATTGCC"",""TTTGGGCTGTGA""]}";;
"{""dna"":[""ACTCAA"",""GTATAG"",""CTTCTC"",""ATAAAA"",""CATACG"",""TGAAAT""]}";;
"{""dna"":[""CGAGCACCGT"",""GCGTGAAACT"",""CGAAAATCAC"",""TGCGGAGGAA"",""GTGCGACAGA"",""ACTGCCTTAA"",""CGTGTGGAAT"",""AACTGGCACT"",""TGCAGGTTAG"",""CAGCATGGAA""]}";;
"{""dna"":[""GGGCGTA"",""GGGAGAT"",""CCAGAGC"",""ATAACGA"",""AACCCGA"",""TTGGCCA"",""CTTGCCT""]}";;
"{""dna"":[""CCGA"",""GTTG"",""TTAG"",""CTAT""]}";;
"{""dna"":[""TTGGTG"",""AATTTT"",""CTCATA"",""ACAGCT"",""AAGGAT"",""TACACG""]}";;
"{""dna"":[""TGGA"",""CTTT"",""TGGG"",""CTCA""]}";;
"{""dna"":[""ACTT"",""ATAC"",""GAAT"",""CCTA""]}";;
"{""dna"":[""TCTTCCCG"",""TACCATAA"",""GGAACGCG"",""TAACGGCG"",""TATCATCA"",""CGATCTTA"",""TAGTCACC"",""TGATAGTA""]}";;
"{""dna"":[""GGGCGACC"",""GACTGAGT"",""GTGTGACT"",""CCATGTAA"",""ACTGAGCT"",""CTGCTTCC"",""TCAATTCT"",""TTACATGG""]}";;
"{""dna"":[""TTATAATCGT"",""CATATCTGTG"",""AAATTAGCCC"",""CAGAAGATAC"",""CTATAGGAAC"",""CCGAGGTCGG"",""GATTGCACGC"",""CACGATCCAG"",""CCCTTCCTCG"",""GGGAGCACGG""]}";;
"{""dna"":[""GGGCGCGTTT"",""TTCTCTCGGA"",""ATGGTCTTCG"",""GTCATGTTTA"",""TCTTTCACGG"",""CGACCAGTGC"",""TTCAGCGATT"",""AAGACTCAGA"",""TGTCGTTGGG"",""TGGGGTTAGG""]}";;
"{""dna"":[""CTAGAGCCCCGC"",""CATTTAGACGTG"",""ATCCGGGTTGAA"",""TGTTGAATATAC"",""TAACCATTTGCC"",""ATCCTAACTTGG"",""AGGGAGATAACA"",""TCTGATAATCCG"",""TAGTCGCCCCCT"",""TCTCTACTCCTT"",""CTCGGCCTTGCT"",""ATTGATTCACGA""]}";;
"{""dna"":[""CAAATT"",""CACGTG"",""CTTTAT"",""TCCCTT"",""CGGCGG"",""GGTTCG""]}";;
"{""dna"":[""CTCCATACTG"",""ACAGACTTAA"",""CGTCCTTAAG"",""TCAACCGGGG"",""GGGCACAACG"",""AATTAGAGTC"",""TCGCCCGGCG"",""CGCCCGTAGG"",""GCGCGTGGGT"",""GTGATATCTA""]}";;
"{""dna"":[""TTTGGGAGA"",""CTTGATAGC"",""GGAACACCG"",""CTAGCCGAG"",""CGCAGAGCT"",""CGAGCGGCA"",""CGATTTTTT"",""ACGTTCGCC"",""CATCTCTCG""]}";;
"{""dna"":[""CCGT"",""CACT"",""CCGT"",""GATT""]}";;
"{""dna"":[""AGAC"",""CCAT"",""CAAT"",""CATA""]}";;
"{""dna"":[""GACGGTA"",""GATTAAT"",""TCTCAGT"",""AGCGAGC"",""GGCTCTT"",""GATACCG"",""GTTTGGC""]}";;
"{""dna"":[""TCCA"",""GGAA"",""GAGC"",""CGAA""]}";;
"{""dna"":[""CTTACAGCTGCC"",""CGGGGTCCTTCG"",""ACAAAGAACATA"",""AGTCACACTTTT"",""AGGGTAAAGTAG"",""GCATTTACGACA"",""GATAAGCATGAG"",""TTCATCCCGCAA"",""TAGGGAGGACAG"",""GAATGAGATCTA"",""CAGCCGAATTCA"",""AAAAATAACCTC""]}";;
"{""dna"":[""GCGGTGCT"",""CATGTAGA"",""TGAGGTTC"",""ATTGCCGT"",""CGAAGCCC"",""CGGTTTTC"",""CTAGACCG"",""TCTATAAT""]}";;
"{""dna"":[""GATCGAACAAAA"",""AGCGCCTGGCTA"",""TACATCCCCGCC"",""TTAGCACGGACA"",""TTGTGCAGGGGG"",""TTTCAATCGTGA"",""CCGTAGCTTAGT"",""GGAATTGAGGTC"",""GGCAACCTCCAT"",""GAGTGTCCCGTC"",""CCAGTAACAGTG"",""AAGGACTACAAT""]}";;
"{""dna"":[""CATTCTAGCGA"",""AGCCGGTCCCA"",""TGTGAGAGTGG"",""GGAACCCAGCT"",""TTTCTATTAGA"",""TAAGGACGGAT"",""CAGTTGGGGCT"",""AACAATGTACG"",""AAGTCTCTTGC"",""CAGTTGGAAGA"",""TTTTGCCTGTC""]}";;
"{""dna"":[""CCACATTTG"",""ATAATATAT"",""CTACAGGCT"",""GGTCCCCCC"",""TGCACAGCG"",""ACACTCGGC"",""CTCACACGA"",""TCGGCTGTA"",""TCTTACACG""]}";;
"{""dna"":[""TTGGGA"",""TTCCGC"",""AAATCG"",""GCCAAG"",""CAATGT"",""ATGCGT""]}";;
"{""dna"":[""CGCG"",""GAGG"",""ACGT"",""CCGT""]}";;
"{""dna"":[""GTGGGA"",""TGCCTC"",""CCTAGG"",""GAACCT"",""ATATAC"",""ATCATC""]}";;
"{""dna"":[""GTGGATGGCCA"",""TAAGTCGCGGA"",""GCCTTTGCAAC"",""GGCGGGGCACG"",""CGCAAATGGGC"",""CACGGCGTCGA"",""AGCAGACTCTC"",""TCCAACTCCGA"",""ACCAATGCGAA"",""CGTAAGTAATG"",""ACGCGCAATTA""]}";;
"{""dna"":[""CAGTA"",""GATCA"",""GGCTT"",""GAGAA"",""TAGCT""]}";;
"{""dna"":[""CATATATG"",""AAAAGGGA"",""GAACCGAA"",""TGCGGGGG"",""GTACGATA"",""TTCTGTAC"",""GCGCGGTT"",""CACTTCAA""]}";;
"{""dna"":[""GGAGTCCG"",""GAGATAAG"",""TTAAAACC"",""TTACTGCT"",""GAAGTCTC"",""TGTAAGCG"",""CACACGGA"",""CAGATGGA""]}";;
"{""dna"":[""CATG"",""TGGG"",""CCAA"",""GGCC""]}";;
"{""dna"":[""CTAC"",""ATTT"",""TCTC"",""TCAT""]}";;
"{""dna"":[""CAGGGAAC"",""TAATCTAT"",""CGGTGAGT"",""TTCCACGC"",""TGTCTCGA"",""GATGCCAC"",""ACTGTCAT"",""CAGCCTCG""]}";;
"{""dna"":[""TGATCTA"",""ATGCATT"",""CCAGTGA"",""AATCCAG"",""ACGAGAC"",""TATACAA"",""AGCCTTT""]}";;
"{""dna"":[""TGTGCGTT"",""TTTCGGGC"",""AGTGCGAT"",""CTCCTGCT"",""CGGCTTTC"",""GTACGTAT"",""TCCTTATG"",""CGGGAGAT""]}";;
"{""dna"":[""TGTTTGGCCG"",""CGACGCAGGA"",""TTGCAGCTCA"",""TCTCCTGAGC"",""GATGAGATAT"",""GATGATCTAG"",""AGTCGATACC"",""GCGAAACGAT"",""ATATGCACGT"",""GTGATGCGAA""]}";;
"{""dna"":[""AGAGCTA"",""CAAGGCA"",""AACCGAT"",""TTGCACG"",""CTGATTA"",""TATTGAT"",""CGTTCAG""]}";;
"{""dna"":[""CTGATGG"",""CTGCATG"",""CCCGTTT"",""GTCGAGG"",""TCTTCCG"",""TGAAGAC"",""CGCGTCG""]}";;
"{""dna"":[""TGTGAGT"",""GCATGCA"",""CATTTCC"",""TTGAGAC"",""GTTGCGC"",""GGAAAGC"",""AGACCAA""]}";;
"{""dna"":[""TGTGCGAG"",""TGTTTTGG"",""GGAGAACC"",""TGCGCTAA"",""AACTAGAA"",""TTTAGATA"",""GAGTACTC"",""ACACCACG""]}";;
"{""dna"":[""GCATGTCGTT"",""CATTTGGCAT"",""ATGAATACAC"",""AACGTACCTC"",""GACGCAATCA"",""CAGGTGGCAG"",""CTCACCTGGC"",""CGACGAACGT"",""CGTATTGGAT"",""TGTCCGTTGA""]}";;
"{""dna"":[""AGAAGCGGT"",""AGAAATTGC"",""GATCATCAT"",""TAACTGATG"",""CCTTGTGCC"",""TAGACAGGG"",""TCTAAGGTC"",""GTCTTGACA"",""CGTCTACGC""]}";;
"{""dna"":[""AGCATGTCTC"",""GCCCGTCGTA"",""TTGAGAACAT"",""AACTGAGGGC"",""ACTAAGCACA"",""ACAATCCACC"",""TTCGTCCTGG"",""TTTGCGGAAT"",""GTTGTTTGAC"",""TATGCGTCGA""]}";;
"{""dna"":[""CTAA"",""GGGT"",""GTAA"",""GCCA""]}";;
"{""dna"":[""GCATCGC"",""CACGCAC"",""GAGTGGC"",""CTATAAA"",""GCCTGCT"",""CATGCGC"",""GACACAA""]}";;
"{""dna"":[""CGCTCATGTGAA"",""AGACTCCGGAAG"",""TAAGGGGACGCC"",""GATCGTCTATCG"",""GGGACGCAAGGT"",""ATGGACGGCAAC"",""GCATACCTTCCT"",""TAGCAACTACTC"",""GAGTCTGCAAGG"",""GGATTTTGCACA"",""AATTTAATCGGA"",""GTTGGCGGGGAA""]}";;
"{""dna"":[""TGGCC"",""CAATT"",""TAAAT"",""TCAAT"",""GGGAA""]}";;
"{""dna"":[""TCTGCACC"",""GTCCTTGC"",""GCCTGTAG"",""GACTTTGA"",""CCCAATTT"",""GGCTACAA"",""TAATACGA"",""TTGAGGTA""]}";;
"{""dna"":[""CGTTCCGCATG"",""CGGCCGTCGTA"",""TCAAAGCCGTA"",""TCTGTTCCAGC"",""GGCGCTAGGGC"",""GAGAAGTTGGC"",""GGACTATTGGT"",""GTAGTTCCTAA"",""TTCAACGTTCA"",""AAGAGCCGGAG"",""CGGGACACTTG""]}";;
"{""dna"":[""CCGAGTT"",""GCGGCTC"",""AGGGGCG"",""TAACTGT"",""CTATATG"",""CACGTAA"",""GCCGATT""]}";;
"{""dna"":[""TGATTGCC"",""AGACAACG"",""GCGATCAG"",""GTACAGGC"",""ACCGCCAC"",""AGGAAAGA"",""TAGCGGTC"",""AGCACCTA""]}";;
"{""dna"":[""GCTTGT"",""AAATAC"",""ATAGTT"",""TGATGG"",""CTGCTG"",""TTTCCG""]}";;
"{""dna"":[""TAACACA"",""TCGCTGG"",""TTAGCAG"",""TAGATGA"",""TTGCGAT"",""TTCTGTC"",""CGTGCGT""]}";;
"{""dna"":[""TGTTCCACC"",""CAGCCTCGT"",""GTCAAGGAA"",""ATCGTCCCT"",""GTATCACTA"",""AGGATATCC"",""GAGGGTAGG"",""GTGTGATAG"",""TCGTCGTCG""]}";;
"{""dna"":[""CAGTTTTGT"",""GACCCCTAA"",""CGTCAAACT"",""TTTTGCAGT"",""TTATAGAGT"",""CCTCTTGGC"",""CGGCTAAGC"",""CGACATCTA"",""GTTTTAGCT""]}";;
"{""dna"":[""ACCGC"",""AAGCA"",""ACCTT"",""GCAAT"",""GCGGT""]}";;
"{""dna"":[""TGTCCAGGTGTA"",""TAAGGTCCTAAC"",""TTAGGATCCCAT"",""CCAACACAAATG"",""CTAGTCGTCGCT"",""GAAAGATTCGGG"",""CGGCTCCCCGCG"",""TTTTTAAGTAGG"",""CGATAAATGCAC"",""GCATGCTTTGTC"",""AAGATCTGCAAC"",""ATTGTTAGGTCT""]}";;
"{""dna"":[""GCAAGCCAAA"",""CCGGACACAC"",""GACCACCTCC"",""CGTGAGGAAT"",""GCCAACTGAA"",""CTAGCCCGAG"",""AGCAGTGGCC"",""AGCCAGTGCG"",""AGAGAGATCA"",""TTGAACGAAC""]}";;
"{""dna"":[""ATTACCAG"",""GAACTTAA"",""ATTCTCTC"",""TACGACAA"",""CACGTAGG"",""GATTGCTA"",""GCTTACAA"",""TATGGGTT""]}";;
"{""dna"":[""CAAGCGGCC"",""CTTTCAATA"",""CCGGCTATA"",""TCGGACAAT"",""TCCTATAAC"",""AGCTCGGTG"",""GAGACCAGG"",""GCCGCATTC"",""GCAGATGTA""]}";;
"{""dna"":[""CCCTGGAG"",""CGTGGCAG"",""GACTTCTC"",""GAATGAAT"",""GTTGAGTC"",""ATATCGTG"",""GGTACCAA"",""GCCTCGAG""]}";;
"{""dna"":[""TTAGTTTT"",""GACAAGCG"",""GATCCATA"",""CCGATGCT"",""AAATAACG"",""CCGGATTG"",""TGGAATAG"",""CAATTGAC""]}";;
"{""dna"":[""TCAGTCATTGTG"",""TCTTGATGATTG"",""ATCCGGAGGTTC"",""GGAGACGTCTCG"",""ACACACTAAGCG"",""GGCATTAAAGGG"",""CCGAGGTCATTC"",""TGGTCGCTGTCC"",""GAGGACCGGCCC"",""CTTGGTCACGGT"",""AAACGAGTGTAG"",""GCACCGAAACTA""]}";;
"{""dna"":[""TTATATTTAGG"",""CTACGGATTAA"",""CCGCCCTCGTC"",""AGGATGACCTG"",""TGGGTCGCTAT"",""TCTTCGGTACA"",""GGCTACGGTGA"",""CATGGGTGCTT"",""AATATGGTTGG"",""GTGGGTTTGGA"",""GTCAATCCAGC""]}";;
"{""dna"":[""GTCT"",""TGCG"",""TCAA"",""CAGC""]}";;
"{""dna"":[""GTGG"",""TAGT"",""CCCG"",""CCGA""]}";;
"{""dna"":[""TGGAACC"",""TTACTCA"",""GGAACGA"",""TGGCGAT"",""CTCGTAC"",""ACACATG"",""TCATCAT""]}";;
"{""dna"":[""GGAACTACGTCG"",""GTCGTGGCACTA"",""CTCTTGTACTTA"",""TGGGGGGGTGAA"",""TCGTTGGACATC"",""GACGTAGCCACT"",""AATGTTAGAACC"",""TGGCCGTCCATC"",""GTGCTGCATACA"",""AGGATAACTTCA"",""AGGAAACTCCTG"",""GACATCAGGGTT""]}";;
"{""dna"":[""AGAACA"",""TTCTAA"",""AGTCAT"",""TATCTC"",""TTGTTT"",""ATGGCT""]}";;
"{""dna"":[""TATA"",""TAAG"",""AATA"",""GAAG""]}";;
"{""dna"":[""TGCCAAGC"",""GTCAATGC"",""CCCGCAGC"",""TCTATTTG"",""TATTACCT"",""AGCTGTGC"",""TTGGAAAA"",""GGAGCGGT""]}";;
"{""dna"":[""CTTTGTGAGC"",""TGGGGCAACT"",""CCCCACGTTC"",""CAGCGGGTGT"",""CGCCTCATCC"",""CCTCCAGCGT"",""CAACAGTTAC"",""ATAATGACCC"",""GCTTCAGTAC"",""ACATCCCTCG""]}";;
"{""dna"":[""TGAA"",""GGTC"",""GGTC"",""GTGT""]}";;
"{""dna"":[""GATG"",""AACT"",""GTAT"",""GAAT""]}";;
"{""dna"":[""GGATAGG"",""TTTCGTT"",""TTGATAG"",""ATACGAA"",""CATAATC"",""CTAGCGA"",""CTCTCAC""]}";;
"{""dna"":[""GGCGGCACT"",""TCGCGCTGC"",""GTTGAGACC"",""TGCGGGGGC"",""ATGCTCGGC"",""CTTGTCGAC"",""CCATCTGGG"",""CGCACGGCT"",""TCAAGGACG""]}";;
"{""dna"":[""GATCA"",""GGCTT"",""TGCTT"",""CAAGT"",""TCTAA""]}";;
"{""dna"":[""GCGATCGC"",""GAGAAGAT"",""CCCAACGT"",""AGGCGATT"",""CCGCAACG"",""TACTCGCA"",""CAGGCCTC"",""GACGGGGG""]}";;
"{""dna"":[""GGGGGC"",""TGGTTT"",""CTTCAC"",""CTTAGG"",""GAAACA"",""TGATCG""]}";;
"{""dna"":[""CTCCCTAGTGGG"",""GGAAAAAAACGG"",""CCATGCCGCGTT"",""TCTTAAAGGGTC"",""CTAACGAACCGT"",""CGTATAATGCTA"",""TCACCTATAGCA"",""GTGGAGTATATT"",""CCGTCTCGACGA"",""CAATGTTGGAAT"",""GAAAGTCATATG"",""TATTGAGGATGA""]}";;
"{""dna"":[""GCCT"",""TTGT"",""ACAG"",""TTTA""]}";;
"{""dna"":[""AGAATGAG"",""CACTCCGC"",""GTCGCGGT"",""CAGCAAGC"",""CAGATCCA"",""AGAACCTC"",""TTCAGCAT"",""TCTCTAAA""]}";;
"{""dna"":[""TTTAC"",""AAACC"",""GCCCT"",""CCAGA"",""GCAGG""]}";;
"{""dna"":[""ACAGACTCGTTG"",""TGATCATGGCTG"",""TCCACTTCATAC"",""TTTCGGTTATTA"",""CCCAAGGATTAC"",""GATTCACCCTGG"",""ATTGCTTGGCAC"",""TACTAAAATTTC"",""GACATTTCTAGC"",""GGCACGTGCTGA"",""TGCTCCGGCGCC"",""CCTGAGGCTACT""]}";;
"{""dna"":[""CGGCT"",""ATTAG"",""CTCCC"",""CTTGC"",""CCTCA""]}";;
"{""dna"":[""GTAAGTTG"",""GAACACAC"",""ACGGTGCC"",""TTAGTGAT"",""TTGTAGTC"",""TTCCAGGT"",""TTGTGCTA"",""CCAGTAGT""]}";;
"{""dna"":[""AACGAT"",""ACAATC"",""ATCGGA"",""CCAAAA"",""ATTTTT"",""AATACT""]}";;
"{""dna"":[""CAAACTCTT"",""CGCATGCCC"",""ACACTGTAC"",""CGTCTGAGG"",""GGAGCGCCG"",""TAGATATAC"",""TGTCACGGT"",""CCTTCGGGT"",""TGATACCCC""]}";;
"{""dna"":[""AGTA"",""CAAA"",""GAAA"",""ACTT""]}";;
"{""dna"":[""ATCAACT"",""CGGAAGA"",""GCTGACG"",""AAGTGTT"",""GACCAGT"",""ATCCCCC"",""AACAGCC""]}";;
"{""dna"":[""TCGTTCCCCCAA"",""TACGGGACGACT"",""TTCGGTTTTCGG"",""GTCAGTCACTCG"",""CTCCTAATTCCC"",""GATCCGCGTCAA"",""AGCGATTTCAGT"",""GCCGTTGCCAAC"",""CGGCTCAGGTCG"",""GACAGACACCCT"",""GAATGCAAGGCC"",""TATTAAGGCTCA""]}";;
"{""dna"":[""TGCCCGTGC"",""ATTTCATAT"",""TCCGTATCG"",""TCGAGTATA"",""CGTGGGACT"",""ATACGGCTT"",""CTGTCGAGG"",""TAGTTGAGA"",""CAACAGGCT""]}";;
"{""dna"":[""AGCAGAGAA"",""TCGGCCCAA"",""CATGCGGTA"",""CTAGGCATC"",""TATGATACG"",""CGTGCAGGG"",""GATAGTACT"",""GGGGAGGTC"",""GCGTCGAGG""]}";;
"{""dna"":[""AAATAGT"",""GCGCTCG"",""ACCGTTG"",""TGTCGTT"",""GCCGCGG"",""GCGTTCT"",""GACTCTG""]}";;
"{""dna"":[""AACCGGCTCAA"",""GCGAAGCTTCA"",""AGATCCGTCCC"",""CCGCGTTGCCA"",""TAAGCCGTATA"",""TCGGTTACATA"",""GAAGGCGGAGT"",""CACCGAGCGCG"",""TTCGCCGCTTG"",""TGTTATTCTAT"",""CTACAGTTGAT""]}";;
"{""dna"":[""ACAA"",""ATAT"",""TGCC"",""CACT""]}";;
"{""dna"":[""TAAATTAAATG"",""AGTGTTGTAAT"",""ATTGGCTGTTC"",""GCCTCGCCGAC"",""ATTTAATCGAA"",""CGAGGGTAAAT"",""CTTCTTGGTAG"",""ACGACTCCTCG"",""GCAAAATAATC"",""CAGATAGGTTG"",""GTCCTGTGCAT""]}";;
"{""dna"":[""ATGTCGGAC"",""GAGATCGGT"",""TGCTTTAAT"",""TGTAAGTCA"",""TAACTCATG"",""CGAATGTTG"",""CCAGAACAT"",""GGATCTTCA"",""AATAGTTAG""]}";;
"{""dna"":[""TTGG"",""ATGC"",""TCCC"",""TGTT""]}";;
"{""dna"":[""TAGCA"",""ACTAG"",""CAAAA"",""CCAGC"",""CGACT""]}";;
"{""dna"":[""CAATCGAT"",""CCCTGGAT"",""CCTTTTCC"",""ACGTGTTA"",""TTTGGCCG"",""CTACCGCG"",""GTTTCGCT"",""CTACCGCA""]}";;
"{""dna"":[""GGCTG"",""CAAGT"",""ATTTG"",""TCCTC"",""ATGCT""]}";;
"{""dna"":[""CCAAGCCC"",""CATCTCGG"",""AAAAGAAA"",""CAGGGCTG"",""GCGGGACA"",""AGATCGGG"",""TGGGAGGG"",""GCTTCCGA""]}";;
"{""dna"":[""GGCACCGCTATA"",""ATCGTCCAGCAA"",""AGGGCTAAAAGC"",""CTGCGAGATTGA"",""TGGACGGCCTTA"",""AGCAACGGGATG"",""GAGCGCCACATT"",""GATTTAGATTAC"",""TATTCGGCTCCA"",""AGCGGTGTTGAT"",""GAGTACGGCTGG"",""ATTACCACGGCC""]}";;
"{""dna"":[""GCCAGCAGGCG"",""ATCTAAATTAT"",""CGGTAACGGTG"",""GCCGTCTTTTA"",""TAAGCGGGAAG"",""TCGTACGGCCA"",""CTTTGGCGGTT"",""TACTGCTGTAG"",""TTAATGTTATT"",""CTGTACCAGGA"",""AAGAGTCCGGG""]}";;
"{""dna"":[""AGGATTCACGTC"",""CCTCCAATCAAG"",""GGAAAATTTCCC"",""TATGAGGTTGCT"",""GTGCCTATTTTG"",""TTCCTTATTCCG"",""GGACCCTATACG"",""ATAAGCGATGTG"",""GAAAAGGGGTCA"",""CACTTGAGTTGT"",""GCCGAAATCAAA"",""AACAAACGGGAA""]}";;
"{""dna"":[""ACGCAAACA"",""GACAGAGTG"",""CGGAGGGAT"",""GGACTTATA"",""GCGGCCTTC"",""AACGTGGAC"",""GCCGCTTGG"",""AACTACCGA"",""CGATAGACC""]}";;
"{""dna"":[""AGTCATTATCGA"",""CGAACTTGTCTC"",""GGGTCACCTATT"",""CCACAACTCGAA"",""GGTCTTAAAGTC"",""CATACCTTCATT"",""ATGCTCACAGGT"",""GTGCGGCCGATC"",""GTGGGGGACCTG"",""GATATAGTTAGT"",""AACCGAACCAAC"",""AGGCGCTCGAAT""]}";;
"{""dna"":[""TGTTT"",""TTGGT"",""TGGCT"",""AAAGA"",""TACAG""]}";;
"{""dna"":[""AGTTGCC"",""ACCCCTA"",""CCCAGCG"",""CACCTTG"",""GCTTCTG"",""GGTTCTG"",""CGACGTT""]}";;
"{""dna"":[""AAGATTAT"",""CCCAGCCA"",""TTAGCCTG"",""TATCCCGG"",""TATCGGTT"",""CCATGACA"",""AGTGCCCC"",""CTATTACA""]}";;
"{""dna"":[""ACGAGGA"",""TAAGTGG"",""ACCTTCT"",""CGCCCAC"",""ACCATAT"",""TTATTGA"",""ATTCTCC""]}";;
"{""dna"":[""GAGGAGGTCACG"",""TCGCTTAGCTCA"",""TACGTGCCTAAC"",""CCCAAGAACCAG"",""TGTGCCAGGAAA"",""GCTGATTTTTAT"",""GGTTCTGCGCCC"",""GCGGTAAGATAC"",""CGAACACTACGG"",""CCGCATATTTAC"",""TAAATTTTAGGC"",""GCTGACAACCCT""]}";;
"{""dna"":[""TAAGA"",""GACAG"",""GTATG"",""ATCCT"",""CGTTC""]}";;
"{""dna"":[""CGGCACCAATT"",""ACAATCACACA"",""TACATCGGTTG"",""GGAGAGCCAGG"",""CAATAAACCAT"",""AAGACAACAAC"",""CGGCAAGTTGG"",""TAAGCATGTTG"",""CACATAGCTGG"",""GGTCGTAGCGG"",""CTCACTTAATA""]}";;
"{""dna"":[""GAGACGTTA"",""CTTTAGGGC"",""GAAGCGATA"",""TGGCTGTCT"",""ACGCGCAAC"",""GTAATTAAA"",""ACCAATCAT"",""TTCAGGTTT"",""GTTTTTGGA""]}";;
"{""dna"":[""GCCTGTGGAT"",""AGGCCATATT"",""TCGCATTGTG"",""GTCGACAGGA"",""GGGAGCGGCT"",""AAATAGCGCC"",""CCCACGCAAA"",""GTTAGTGCTG"",""CAGTGCACAA"",""AAACGCTGTT""]}";;
"{""dna"":[""GGCCCACAGG"",""GGCGAAACGT"",""GGTATTTGTG"",""GGGTGCTCCG"",""GGGAGGTCGA"",""ACGCTCTTGA"",""TGTTCGAATC"",""GGTCCCAGCC"",""TGCCGAACTT"",""ACACCCCCAT""]}";;
"{""dna"":[""ATAGGT"",""GGTTAC"",""TGCTGG"",""CCATCT"",""GCGACT"",""CCAGGT""]}";;
"{""dna"":[""TGAATAAATCCT"",""ACGATAGGCGGT"",""CCGGCGCGAGGG"",""ACAAATTCCTTC"",""TCGTGATGGGAT"",""GGGCAATTTGCT"",""CAATGCCGTGGA"",""CCTGTTGGTTAA"",""GACCCTGTCCCG"",""CAAATGGAAACT"",""GTGCCTTGGTGC"",""TGAAACTAGCTC""]}";;
"{""dna"":[""ATATACGCGG"",""CCGGCACGCA"",""AGCGTGAGGT"",""CTATAGTCGG"",""ACATGGATCA"",""TGCGGACACC"",""TTGTTTTTGC"",""AGGAGAGGAT"",""TGTCATAGAA"",""GTACGCGAAA""]}";;
"{""dna"":[""GAGAACTAC"",""CGGTGAAAG"",""TTTTCACAA"",""ACAGAACTT"",""AATTAGAAT"",""GCACACCCC"",""TAGAAGTGG"",""CCTGCAATT"",""CTCACAAGT""]}";;
"{""dna"":[""ATCTGCTAAG"",""GACACTATAT"",""GTTCCGGGCA"",""GTCTACGCAA"",""ATTGGCGCAT"",""GCCCGCTTCC"",""GAAGCGTCAC"",""AATCCACGCG"",""GCTCTCTATT"",""AGGACGCTCC""]}";;
"{""dna"":[""ACTA"",""CAAT"",""ACAG"",""GTCC""]}";;
"{""dna"":[""GACCC"",""GACAA"",""CAACT"",""CCGGC"",""TTGTT""]}";;
"{""dna"":[""GCTTGGACTGG"",""TTTGTGCCGCG"",""GATGTATTAAC"",""GTGACCGTAAA"",""ACTCTAGTGCC"",""TCACCCTGGCG"",""GGCCGATGCGT"",""CAGCCTGCACG"",""TGTTCTAGGCA"",""GCCCCGGGATT"",""TACTCATAAGG""]}";;
"{""dna"":[""TCTCACTGGG"",""CCGATTAATT"",""TCCAGGTCTC"",""TTCGCTTGGA"",""CTGGTACGTA"",""CGATTAGCCG"",""TCACCGTGAC"",""CCAAGCATAT"",""TATCATGACG"",""AGCGGTCGGA""]}";;
"{""dna"":[""TCCTCTA"",""TTTAATC"",""TCGTGTG"",""TTTCTGG"",""TGAACGT"",""GCAGACC"",""GTCTAGG""]}";;
"{""dna"":[""AATTGAA"",""AGGTCCG"",""GTACATC"",""ATAGTCG"",""CTGACTT"",""GCAAAGA"",""GCTTGTT""]}";;
"{""dna"":[""TTCAA"",""GAAGA"",""CGCCT"",""TCACC"",""TCCGG""]}";;
"{""dna"":[""CAGCGAGGAAG"",""TTCAAGTTTTC"",""TCTGGACCCTT"",""CGACACCCGGG"",""AAAATGCGCTG"",""TAAGAAGTCAG"",""AAGTTTTGGAT"",""TACTTCCCTCG"",""TATCATTATTT"",""TAAGTCCCAGG"",""AGCGCGCTTTT""]}";;
"{""dna"":[""TACCT"",""GTGAT"",""TCATG"",""GTGGG"",""CAGGC""]}";;
"{""dna"":[""TGTCTTCCTT"",""GTAGATCGAT"",""CTTCTAGCAA"",""AAATTAATAC"",""GCGTCTCAAA"",""CTGTGTCCCT"",""CTAAGATTAA"",""GGGCGTCCGC"",""CACGGTCTCT"",""TGAAAAAACC""]}";;
"{""dna"":[""GTATATCGTAAC"",""GTCGCCTCGTCA"",""ATAAATATAATT"",""TCTTAGTTCGGT"",""TGTCGGACGAAA"",""TCTTTAGCTATG"",""TCGACGACTGAT"",""TTGATCCCCCAT"",""GTCACCGTATCA"",""ACATGCATTACG"",""AAATCTGAAAGG"",""TCCGCGCGCACG""]}";;
